{
  "test/features/agreement_notifications_test.rb": 16.179368019104004,
  "test/features/show_schema_test.rb": 7.980478048324585,
  "test/features/service_search_test.rb": 34.945072174072266,
  "test/features/create_agreement_test.rb": 16.980600833892822,
  "test/models/notification_test.rb": 1.997281551361084,
  "test/features/anonymous_user_can_only_view_schemas_test.rb": 2.9311742782592773,
  "test/features/secure_agreements_test.rb": 11.813327550888062,
  "test/features/show_services_by_organization_test.rb": 1.2076475620269775,
  "test/features/non_gobierno_digital_user_can_only_view_schemas_test_test.rb": 2.939131498336792,
  "test/features/show_agreement_test.rb": 54.39402222633362,
  "test/models/schema_test.rb": 54.70027542114258,
  "test/features/schema_navigation_only_shows_categories_with_schemas_test.rb": 0.9944748878479004,
  "test/features/create_new_schema_version_test.rb": 7.712513208389282,
  "test/models/agreement_test.rb": 52.56208324432373,
  "test/features/loged_user_can_only_manages_its_owm_organization_services_test.rb": 3.470029830932617,
  "test/features/reject_services_test.rb": 10.657290935516357,
  "test/models/service_test.rb": 65.87158560752869,
  "test/features/simple_example_test.rb": 0.6923098564147949,
  "test/features/show_service_version_test.rb": 5.153984308242798,
  "test/controllers/services_controller_test.rb": 14.667116403579712,
  "test/features/show_service_operation_detail_test.rb": 37.83879780769348,
  "test/features/schema_search_test.rb": 3.0491881370544434,
  "test/features/filter_agreements_test.rb": 8.085457563400269,
  "test/models/organization_test.rb": 6.715855836868286,
  "test/features/filter_organization_services_test.rb": 8.253994464874268,
  "test/features/anonymous_user_cant_view_agreements_test.rb": 12.235686540603638,
  "test/features/agreement_flow_test.rb": 146.886381149292,
  "test/mailers/notification_mailer_test.rb": 5.6909191608428955,
  "test/features/login_test.rb": 1.4640285968780518,
  "test/features/test_complex_example_test.rb": 30.64408779144287,
  "test/features/approve_services_test.rb": 6.6228814125061035,
  "test/controllers/static_pages_controller_test.rb": 0.7918744087219238,
  "test/features/gob_digital_user_can_manage_schemas_test.rb": 3.084554433822632,
  "test/features/create_service_test.rb": 7.894990682601929,
  "test/features/notifications_test.rb": 37.26677632331848,
  "test/features/show_service_operations_test.rb": 10.847745895385742,
  "test/features/list_schemas_test.rb": 2.787522792816162,
  "test/features/show_monitoring_home_test.rb": 4.016064643859863,
  "test/features/show_service_detail_test.rb": 46.32305335998535,
  "test/features/show_service_home_test.rb": 6.6417388916015625,
  "test/features/generate_service_source_code_test.rb": 5.84456467628479,
  "test/features/list_organization_agreements_test.rb": 8.524995565414429,
  "test/models/user_test.rb": 8.392584323883057,
  "test/features/show_other_services_from_service_page_test.rb": 6.586069107055664,
  "test/models/service_version_test.rb": 84.45094013214111,
  "test/features/schema_view_spec_test.rb": 75.35345387458801,
  "test/workers/service_version_monitor_worker_test.rb": 0.003050088882446289,
  "test/features/complex_example_test.rb": 0.5698530673980713,
  "test/features/create_new_service_version_test.rb": 10.785372257232666,
  "test/models/schema_version_test.rb": 4.934538125991821,
  "test/features/create_schema_test.rb": 7.307375192642212,
  "test/features/anonymous_user_can_only_view_services_test.rb": 2.967320442199707,
  "test/helpers/spec_render_helper_test.rb": 24.577497005462646,
  "test/features/pending_services_test.rb": 3.2782187461853027
}